{
  "f1": 0.867294462063918,
  "precision": 0.7776630558423604,
  "recall": 0.980278831730345,
  "fpr": 0.34337837837837837,
  "tp": 44438,
  "fp": 12705,
  "fn": 894,
  "tn": 24295
}