{
  "timestamp": "2026-06-21T18:25:43.985058",
  "source": "feature-extractor",
  "topic": "raw-features",
  "payload": {
    "dur": 0.12147799879312515,
    "rate": 74.08748626708984,
    "sload": 14158.9423828125,
    "dload": 8495.365234375,
    "spkts": 6.0,
    "dpkts": 4.0,
    "sbytes": 258.0,
    "dbytes": 172.0,
    "sloss": 0.0,
    "dloss": 0.0,
    "sinpkt": 24.29560089111328,
    "dinpkt": 8.375,
    "sjit": 30.177547454833984,
    "djit": 11.83060359954834,
    "swin": 255.0,
    "dwin": 255.0,
    "tcprtt": 0.0,
    "synack": 0.0,
    "ackdat": 0.0,
    "smean": 43.0,
    "dmean": 43.0,
    "trans_depth": 0.0,
    "response_body_len": 0.0,
    "ct_src_dport_ltm": 1.0,
    "ct_dst_sport_ltm": 1.0,
    "is_ftp_login": 0.0,
    "ct_ftp_cmd": 0.0,
    "ct_flw_http_mthd": 0.0,
    "is_sm_ips_ports": 0.0,
    "proto_enc": 113.0,
    "service_enc": 0.0,
    "state_enc": 2.0,
    "byte_ratio": 1.4913294797687862,
    "pkt_ratio": 1.2,
    "total_bytes": 430.0,
    "jit_ratio": 2.3519973754882812,
    "dur_bin_enc": 2.0
  },
  "checksum": "f95308ec67fcca59211f175d7f74597059842115a06fde9f8caa2fd04178c444"
}