{
  "f1": 0.047218115988602524,
  "precision": 0.8193308550185874,
  "recall": 0.0243095385158387,
  "fpr": 0.0065675675675675674,
  "tp": 1102,
  "fp": 243,
  "fn": 44230,
  "tn": 36757
}